{
    "pick_and_lift": [
        [
            -0.015141540206968784,
            -0.5346370935440063,
            0.7738620042800903
        ],
        [
            0.5107535123825073,
            0.5054251551628113,
            1.0004963874816895
        ]
    ],
    "pick_up_cup": [
        [
            -0.03546997904777527,
            -0.41099095344543457,
            0.870711624622345
        ],
        [
            0.4852777123451233,
            0.32123860716819763,
            1.1311637163162231
        ]
    ],
    "push_button": [
        [
            0.0028582459781318903,
            -0.3730316162109375,
            0.7697767019271851
        ],
        [
            0.517816960811615,
            0.38095739483833313,
            0.8434374332427979
        ]
    ],
    "put_knife_on_chopping_board": [
        [
            -0.028004087507724762,
            -0.2971309423446655,
            0.7880491018295288
        ],
        [
            0.4818419814109802,
            0.37865501642227173,
            1.1008238792419434
        ]
    ],
    "put_money_in_safe": [
        [
            -0.0567903071641922,
            -0.346380352973938,
            0.7818669080734253
        ],
        [
            0.2384166717529297,
            0.42731526494026184,
            1.264460563659668
        ]
    ],
    "reach_target": [
        [
            0.02508573979139328,
            -0.31892284750938416,
            0.7776520848274231
        ],
        [
            0.4627521336078644,
            0.3147108554840088,
            1.224133849143982
        ]
    ],
    "slide_block_to_target": [
        [
            -0.07071471214294434,
            -0.4219120740890503,
            0.7598121166229248
        ],
        [
            0.5282598733901978,
            0.43824511766433716,
            0.7785217761993408
        ]
    ],
    "stack_wine": [
        [
            0.10550200194120407,
            -0.41557976603507996,
            0.8902794718742371
        ],
        [
            0.43702155351638794,
            0.20734362304210663,
            1.4715696573257446
        ]
    ],
    "take_money_out_safe": [
        [
            0.2403079867362976,
            -0.3409636616706848,
            0.7758274674415588
        ],
        [
            0.44671881198883057,
            0.25401490926742554,
            0.7954928874969482
        ]
    ],
    "take_umbrella_out_of_umbrella_stand": [
        [
            -0.1506020575761795,
            -0.40629342198371887,
            0.9875767230987549
        ],
        [
            0.44305363297462463,
            0.32866907119750977,
            1.2329983711242676
        ]
    ]
}