{
    "real_reach_target": [
        [
            0.49345672130584717,
            -0.2063465416431427,
            0.03791525587439537
        ],
        [
            0.7979711890220642,
            0.17011035978794098,
            0.11874682456254959
        ]
    ],
    "real_press_stapler": [
        [
            0.5619361996650696,
            -0.14524933695793152,
            0.05428590625524521
        ],
        [
            0.7884552478790283,
            0.14068295061588287,
            0.11927880346775055
        ]
    ],
    "real_press_hand_san": [
        [
            0.5656551122665405,
            -0.2181701362133026,
            0.20162339508533478
        ],
        [
            0.7234120965003967,
            0.14534731209278107,
            0.28138434886932373
        ]
    ],
    "real_put_fruits_in_bowl": [
        [
            0.46298542618751526,
            -0.2574925720691681,
            0.019052347168326378
        ],
        [
            0.7911815047264099,
            0.2396124005317688,
            0.15258097648620605
        ]
    ],
    "real_stack_bowls": [
        [
            0.4537491798400879,
            -0.14437192678451538,
            0.04894338920712471
        ],
        [
            0.7946913242340088,
            0.2829568088054657,
            0.13210847973823547
        ]
    ],
    "real_unscrew_bottle_cap": [
        [
            0.5505523681640625,
            -0.18133506178855896,
            0.22200286388397217
        ],
        [
            0.7603011131286621,
            0.12624827027320862,
            0.2887418568134308
        ]
    ],
    "real_transfer_beans": [
        [
            0.5046447515487671,
            -0.18840935826301575,
            0.1250174343585968
        ],
        [
            0.8339421153068542,
            0.2078269124031067,
            0.21362897753715515
        ]
    ],
    "real_put_duck_in_oven": [
        [
            0.48672905564308167,
            -0.3460330367088318,
            0.0662098228931427
        ],
        [
            0.8187698125839233,
            0.27496105432510376,
            0.2684710621833801
        ]
    ],
    "real_spread_sand": [
        [
            0.5557753443717957,
            -0.24653132259845734,
            0.1407906860113144
        ],
        [
            0.6323633790016174,
            0.22326898574829102,
            0.16358408331871033
        ]
    ],
    "real_wipe_coffee": [
        [
            0.5505123138427734,
            -0.23262424767017365,
            0.022796006873250008
        ],
        [
            0.6588112711906433,
            0.25412875413894653,
            0.06392765790224075
        ]
    ]
}